{
  "data" : [
    {
      "id" : "function-addShopItem",
      "type" : "function",
      "name" : "addShopItem"
    },
    {
      "id" : "function-createList",
      "type" : "function",
      "name" : "createList"
    },
    {
      "id" : "template- {allOk}.",
      "type" : "template",
      "template" : " {allOk}.",
      "requirements" : [
        {
          "name" : "allOk",
          "negative" : false
        }
      ]
    },
    {
      "id" : "template-A quelle liste dois-je ajouter {missingShopList} ?",
      "type" : "template",
      "template" : "A quelle liste dois-je ajouter {missingShopList} ?",
      "requirements" : [
        {
          "name" : "missingShopList",
          "negative" : false
        }
      ]
    },
    {
      "id" : "template-A quelle liste dois-je ajouter {shopItem}",
      "type" : "template",
      "template" : "A quelle liste dois-je ajouter {shopItem}",
      "requirements" : [
        {
          "name" : "shopItem",
          "negative" : false
        }
      ]
    },
    {
      "id" : "template-A quelle liste dois-je ajouter {shopItem} ?",
      "type" : "template",
      "template" : "A quelle liste dois-je ajouter {shopItem} ?",
      "requirements" : [
        {
          "name" : "shopItem",
          "negative" : false
        }
      ]
    },
    {
      "id" : "template-Dois-je créer la{}",
      "type" : "template",
      "template" : "Dois-je créer la{}"
    },
    {
      "id" : "template-Dois-je créer {listName}",
      "type" : "template",
      "template" : "Dois-je créer {listName}",
      "requirements" : [
        {
          "name" : "listName",
          "negative" : false
        }
      ],
      "quickreplies" : [
        "Oui",
        "Non"
      ]
    },
    {
      "id" : "template-Dois-je créer {listName} ?",
      "type" : "template",
      "template" : "Dois-je créer {listName} ?",
      "requirements" : [
        {
          "name" : "listName",
          "negative" : false
        }
      ],
      "quickreplies" : [
        "Oui",
        "Non"
      ]
    },
    {
      "id" : "template-Je n'ai pas bien compris la demande. On recommence ?",
      "type" : "template",
      "template" : "Je n'ai pas bien compris la demande. On recommence ?"
    },
    {
      "id" : "template-Je n'ai pas bien compris la demande. Vous pouvez répéter ?",
      "type" : "template",
      "template" : "Je n'ai pas bien compris la demande. Vous pouvez répéter ?"
    },
    {
      "id" : "template-Ok, bein compris, j'ai ajouté {shopItem}",
      "type" : "template",
      "template" : "Ok, bein compris, j'ai ajouté {shopItem}",
      "requirements" : [
        {
          "name" : "shopItem",
          "negative" : false
        }
      ]
    },
    {
      "id" : "template-Ok, bein compris, j'ai ajouté {shopItem} à {shopList}",
      "type" : "template",
      "template" : "Ok, bein compris, j'ai ajouté {shopItem} à {shopList}",
      "requirements" : [
        {
          "name" : "shopItem",
          "negative" : false
        },
        {
          "name" : "shopList",
          "negative" : false
        }
      ]
    },
    {
      "id" : "template-Ok, bien compris, j'ai ajouté {shopItem} à {shopList}",
      "type" : "template",
      "template" : "Ok, bien compris, j'ai ajouté {shopItem} à {shopList}",
      "requirements" : [
        {
          "name" : "shopItem",
          "negative" : false
        },
        {
          "name" : "shopList",
          "negative" : false
        }
      ]
    },
    {
      "id" : "template-Ok, bien compris, j'ai ajouté {shopItem} à {shopList}.",
      "type" : "template",
      "template" : "Ok, bien compris, j'ai ajouté {shopItem} à {shopList}.",
      "requirements" : [
        {
          "name" : "shopItem",
          "negative" : false
        },
        {
          "name" : "shopList",
          "negative" : false
        }
      ]
    },
    {
      "id" : "template-Parfait :  {allOk}.",
      "type" : "template",
      "template" : "Parfait :  {allOk}.",
      "requirements" : [
        {
          "name" : "allOk",
          "negative" : false
        }
      ]
    },
    {
      "id" : "template-Per",
      "type" : "template",
      "template" : "Per"
    },
    {
      "id" : "template-Perfect.",
      "type" : "template",
      "template" : "Perfect."
    },
    {
      "id" : "template-Quel article dois-je ajouter à {missingShopItem} ?",
      "type" : "template",
      "template" : "Quel article dois-je ajouter à {missingShopItem} ?",
      "requirements" : [
        {
          "name" : "missingShopItem",
          "negative" : false
        }
      ]
    },
    {
      "id" : "template-Quel article dois-je ajouter à {shopList}",
      "type" : "template",
      "template" : "Quel article dois-je ajouter à {shopList}",
      "requirements" : [
        {
          "name" : "shopList",
          "negative" : false
        }
      ]
    },
    {
      "id" : "template-Quel article dois-je ajouter à {shopList} ?",
      "type" : "template",
      "template" : "Quel article dois-je ajouter à {shopList} ?",
      "requirements" : [
        {
          "name" : "shopList",
          "negative" : false
        }
      ]
    },
    {
      "id" : "template-Quel est le nom de la liste ?",
      "type" : "template",
      "template" : "Quel est le nom de la liste ?"
    },
    {
      "id" : "template-{shopItem} a bien été ajouté à {shopList}",
      "type" : "template",
      "template" : "{shopItem} a bien été ajouté à {shopList}",
      "requirements" : [
        {
          "name" : "shopItem",
          "negative" : false
        },
        {
          "name" : "shopList",
          "negative" : false
        }
      ]
    },
    {
      "id" : "template-{}Parfait :  {allOk}.",
      "type" : "template",
      "template" : "{}Parfait :  {allOk}.",
      "requirements" : [
        {
          "name" : "allOk",
          "negative" : false
        }
      ]
    }
  ]
}