{
  "data" : [
    {
      "text" : "A la liste principale",
      "entities" : [
        {
          "entity" : "shopList",
          "value" : "\"liste principale\"",
          "start" : 5,
          "end" : 21
        }
      ]
    },
    {
      "text" : "Non",
      "entities" : [
        {
          "entity" : "yes_no",
          "value" : "\"no\""
        }
      ]
    },
    {
      "text" : "Oui",
      "entities" : [
        {
          "entity" : "yes_no",
          "value" : "\"yes\""
        }
      ]
    },
    {
      "text" : "ajouter des bananes à la liste principale",
      "entities" : [
        {
          "entity" : "intent",
          "value" : "\"ajouter\"",
          "start" : 0,
          "end" : 7
        },
        {
          "entity" : "shopItem",
          "value" : "\"bananes\"",
          "start" : 12,
          "end" : 19
        },
        {
          "entity" : "shopList",
          "value" : "\"liste principale\"",
          "start" : 25,
          "end" : 41
        }
      ]
    },
    {
      "text" : "créer la liste d'Alice",
      "entities" : [
        {
          "entity" : "intent",
          "value" : "\"créer\"",
          "start" : 0,
          "end" : 5
        },
        {
          "entity" : "shopList",
          "value" : "\"liste d'Alice\"",
          "start" : 9,
          "end" : 22
        }
      ]
    },
    {
      "text" : "des bananes",
      "entities" : [
        {
          "entity" : "shopItem",
          "value" : "\"bananes\"",
          "start" : 4,
          "end" : 11
        }
      ]
    },
    {
      "text" : "liste d'Alice",
      "entities" : [
        {
          "entity" : "shopList",
          "value" : "\"liste d'Alice\"",
          "start" : 0,
          "end" : 13
        }
      ]
    }
  ]
}