{
  "data" : [
    {
      "name" : "",
      "turns" : [
        {
          "user" : "ajouter des bananes à la liste principale",
          "entities" : [
            {
              "entity" : "intent",
              "value" : "\"ajouter\"",
              "start" : 0,
              "end" : 7
            },
            {
              "entity" : "shopItem",
              "value" : "\"bananes\"",
              "start" : 12,
              "end" : 19
            },
            {
              "entity" : "shopList",
              "value" : "\"liste principale\"",
              "start" : 25,
              "end" : 41
            }
          ],
          "operations" : [
            {
              "bookmark" : "addShopItem"
            },
            {
              "action" : "function-addShopItem"
            },
            {
              "branches" : [
                {
                  "predicates" : [
                    {
                      "name" : "shopListAlone",
                      "negative" : false
                    }
                  ],
                  "operations" : [
                    {
                      "action" : "template-Quel article dois-je ajouter à {shopListAlone} ?"
                    }
                  ],
                  "turns" : [
                    {
                      "user" : "des bananes",
                      "entities" : [
                        {
                          "entity" : "shopItem",
                          "value" : "\"bananes\"",
                          "start" : 4,
                          "end" : 11
                        }
                      ],
                      "operations" : [
                        {
                          "jump" : "addShopItem"
                        }
                      ]
                    }
                  ]
                },
                {
                  "predicates" : [
                    {
                      "name" : "allOk",
                      "negative" : false
                    }
                  ],
                  "operations" : [
                    {
                      "action" : "template-Parfait :  {allOk}."
                    }
                  ]
                },
                {
                  "predicates" : [
                    {
                      "name" : "shopItemAlone",
                      "negative" : false
                    }
                  ],
                  "operations" : [
                    {
                      "action" : "template-A quelle liste dois-je ajouter {shopItemAlone} ?"
                    }
                  ],
                  "turns" : [
                    {
                      "user" : "A la liste principale",
                      "entities" : [
                        {
                          "entity" : "shopList",
                          "value" : "\"liste principale\"",
                          "start" : 5,
                          "end" : 21
                        }
                      ],
                      "operations" : [
                        {
                          "jump" : "addShopItem"
                        }
                      ]
                    }
                  ]
                },
                {
                  "predicates" : [
                    {
                      "name" : "missingAll",
                      "negative" : false
                    }
                  ],
                  "operations" : [
                    {
                      "action" : "template-Je n'ai pas bien compris la demande. Vous pouvez répéter ?"
                    }
                  ],
                  "turns" : [
                    {
                      "user" : "ajouter des bananes à la liste principale",
                      "entities" : [
                        {
                          "entity" : "intent",
                          "value" : "\"ajouter\"",
                          "start" : 0,
                          "end" : 7
                        },
                        {
                          "entity" : "shopItem",
                          "value" : "\"bananes\"",
                          "start" : 12,
                          "end" : 19
                        },
                        {
                          "entity" : "shopList",
                          "value" : "\"liste principale\"",
                          "start" : 25,
                          "end" : 41
                        }
                      ],
                      "operations" : [
                        {
                          "jump" : "addShopItem"
                        }
                      ]
                    }
                  ]
                }
              ]
            }
          ]
        }
      ]
    },
    {
      "name" : "",
      "turns" : [
        {
          "user" : "créer la liste d'Alice",
          "entities" : [
            {
              "entity" : "intent",
              "value" : "\"créer\"",
              "start" : 0,
              "end" : 5
            },
            {
              "entity" : "shopList",
              "value" : "\"liste d'Alice\"",
              "start" : 9,
              "end" : 22
            }
          ],
          "operations" : [
            {
              "bookmark" : "createList"
            },
            {
              "action" : "function-createList"
            },
            {
              "branches" : [
                {
                  "predicates" : [
                    {
                      "name" : "listName",
                      "negative" : false
                    }
                  ],
                  "operations" : [
                    {
                      "action" : "template-Dois-je créer {listName} ?"
                    }
                  ],
                  "turns" : [
                    {
                      "branches" : [
                        [
                          {
                            "user" : "Oui",
                            "entities" : [
                              {
                                "entity" : "yes_no",
                                "value" : "\"yes\""
                              }
                            ],
                            "operations" : [
                              {
                                "action" : "template-Perfect."
                              }
                            ]
                          }
                        ],
                        [
                          {
                            "user" : "Non",
                            "entities" : [
                              {
                                "entity" : "yes_no",
                                "value" : "\"no\""
                              }
                            ],
                            "operations" : [
                              {
                                "action" : "template-Perfect."
                              }
                            ]
                          }
                        ]
                      ]
                    }
                  ]
                },
                {
                  "predicates" : [
                    {
                      "name" : "missingListName",
                      "negative" : false
                    }
                  ],
                  "operations" : [
                    {
                      "action" : "template-Quel est le nom de la liste ?"
                    }
                  ],
                  "turns" : [
                    {
                      "user" : "liste d'Alice",
                      "entities" : [
                        {
                          "entity" : "shopList",
                          "value" : "\"liste d'Alice\"",
                          "start" : 0,
                          "end" : 13
                        }
                      ],
                      "operations" : [
                        {
                          "jump" : "createList"
                        }
                      ]
                    }
                  ]
                }
              ]
            }
          ]
        }
      ]
    }
  ]
}